CREATE TABLE `settings` ( `win_points` INTEGER NOT NULL, `word_count` INTEGER NOT NULL);
CREATE TABLE `games` ( `_id` INTEGER NOT NULL PRIMARY KEY AUTOINCREMENT UNIQUE, `win_points` INTEGER NOT NULL, `word_count` INTEGER NOT NULL, `team_order` VARCHAR(255), `last_team_index` INTEGER, `latest` BOOLEAN DEFAULT 0, `finished` BOOLEAN DEFAULT 0);
CREATE TABLE `lists` ( `_id` INTEGER NOT NULL PRIMARY KEY AUTOINCREMENT UNIQUE, `name` VARCHAR (255) NOT NULL, `selected` BOOLEAN DEFAULT 1 );
CREATE TABLE `words` ( `_id` INTEGER NOT NULL PRIMARY KEY AUTOINCREMENT UNIQUE, `word` VARCHAR (255) NOT NULL, `selected` BOOLEAN DEFAULT 1, `list_id` INTEGER NOT NULL, CONSTRAINT fk_list_id FOREIGN KEY (list_id) REFERENCES lists (_id) ON DELETE CASCADE );
CREATE TABLE `teams` ( `_id` INTEGER NOT NULL PRIMARY KEY AUTOINCREMENT UNIQUE, `name` VARCHAR (255) NOT NULL, `player_order` VARCHAR(255), `score` INTEGER, `last_player_index` INTEGER);
CREATE TABLE `players` ( `_id` INTEGER NOT NULL PRIMARY KEY AUTOINCREMENT UNIQUE, `name` VARCHAR (255) NOT NULL, `team_id` INTEGER NOT NULL, CONSTRAINT fk_team_id FOREIGN KEY (team_id) REFERENCES `groups` (_id) ON DELETE CASCADE);
CREATE TABLE `favorites` ( `name` VARCHAR (255) NOT NULL PRIMARY KEY);
INSERT INTO settings (win_points, word_count) VALUES (5, 1);
INSERT INTO favorites (name) VALUES ("Sylvia"), ("Thea"), ("Lucas"), ("Floris"), ("Maris");
INSERT INTO lists (_id, name, selected) VALUES (1, "Animatie Films", 1);
INSERT INTO words (word, list_id) VALUES ("Anastasia", 1), ("Antz", 1), ("Asterix en Obelix", 1), ("Bee movie", 1), ("Boss Baby", 1), ("Corpse bride", 1), ("De emojis film", 1), ("De Grinch", 1), ("De smurfen", 1), ("Duimelijntje", 1), ("Een trol in Central Park", 1), ("Flushed away", 1), ("Happy Feet", 1), ("Het magische zwaard op zoek naar excelibur", 1), ("Het regent gehaktballen", 1), ("Horton hears a who", 1), ("Hotel Transylvania", 1), ("How to train your dragon", 1), ("Ice age", 1), ("Kung Fu Panda", 1), ("Madagascar", 1), ("Minions", 1), ("Monsters vs. Aliens", 1), ("Over the Hedge", 1), ("Over the moon", 1), ("Pets", 1), ("Puss in Boots", 1), ("Rio", 1), ("Rise of the Guardians", 1), ("Shark Tale", 1), ("Shrek", 1), ("Sinbad", 1), ("Sing", 1), ("Surfs up", 1), ("The Addams Family", 1), ("The Croods", 1), ("The Lego Movie", 1), ("The Lorax", 1), ("Trolls", 1), ("Turbo", 1), ("Verschrikkelijke ikke", 1), ("Wish Dragon", 1);
INSERT INTO lists (_id, name, selected) VALUES (2, "Animatie Films", 1);
INSERT INTO words (word, list_id) VALUES ('Adobe Acrobat', 2), ('Bellen', 2), ('Buienradar', 2), ('Chrome', 2), ('Coronacheck', 2), ('Disney+', 2), ('Drive', 2), ('E-mail', 2), ('Facebook', 2), ('Facetime', 2), ('Galerij', 2), ('Gmail', 2), ('Instagram', 2), ('Internet', 2), ('Maps', 2), ('Netflix', 2), ('Outlook', 2), ('Pinterest', 2), ('Play store', 2), ('Safari', 2), ('Skype', 2), ('Snapchat', 2), ('Spotify', 2), ('Tiktok', 2), ('Twitter', 2), ('What to draw', 2), ('Whatsapp', 2), ('Youtube', 2), ('Zoom', 2);
INSERT INTO lists (_id, name, selected) VALUES (3, "Automerken", 1);
INSERT INTO words (word, list_id) VALUES ('Alfa', 3), ('Alfa Romeo', 3), ('Aston Martin', 3), ('Audi', 3), ('Bentley', 3), ('Benz', 3), ('BMW', 3), ('Bugatti', 3), ('Cadillac', 3), ('Chevrolet', 3), ('Chrysler', 3), ('Citroën', 3), ('Dacia', 3), ('Daihatsu', 3), ('DAX', 3), ('Dodge', 3), ('Ferrari', 3), ('Fiat', 3), ('Ford', 3), ('Honda', 3), ('Hummer', 3), ('Hyundai', 3), ('Jaguar', 3), ('Jeep', 3), ('Kia', 3), ('Koenigsegg', 3), ('Lamborghini', 3), ('Lancia', 3), ('Land Rover', 3), ('Maserati', 3), ('Mazda', 3), ('Mercedes', 3), ('Mercedes-Benz', 3), ('Mini', 3), ('Mitsubishi', 3), ('Nissan', 3), ('Opel', 3), ('Peugeot', 3), ('Porsche', 3), ('Renault', 3), ('Rolls-royce', 3), ('Rover', 3), ('Saab', 3), ('Samsung', 3), ('Seat', 3), ('Skoda', 3), ('Smart', 3), ('Subaru', 3), ('Suzuki', 3), ('Tesla', 3), ('Toyota', 3), ('Vespa', 3), ('Volkswagen', 3), ('Volvo', 3), ('Yamaha', 3);
INSERT INTO lists (_id, name, selected) VALUES (4, "Buitenspelen", 1);
INSERT INTO words (word, list_id) VALUES ('Fietsen', 4), ('Hinkelen', 4), ('Keeper', 4), ('Klimrek', 4), ('Lummelen', 4), ('Rolschaatsen/skeeleren', 4), ('Schommel', 4), ('Skateboarden', 4), ('Steppen', 4), ('Tikkertje', 4), ('Verstoppertje', 4), ('Voetbal', 4), ('Voetballen', 4), ('Zaklopen', 4), ('Zandbak''Fietsen', 4), ('Hinkelen', 4), ('Keeper', 4), ('Klimrek', 4), ('Lummelen', 4), ('Rolschaatsen/skeeleren', 4), ('Schommel', 4), ('Skateboarden', 4), ('Steppen', 4), ('Tikkertje', 4), ('Verstoppertje', 4), ('Voetbal', 4), ('Voetballen', 4), ('Zaklopen', 4), ('Zandbak', 4);
INSERT INTO lists (_id, name, selected) VALUES (5, "Dierentuin", 1);
INSERT INTO words (word, list_id) VALUES ('Aap', 5), ('Clownsvis (nemo)', 5), ('Dolfijn', 5), ('Flamingo', 5), ('Giraf', 5), ('Gnoe', 5), ('Haai', 5), ('Hagedis (salamander/leguaan)', 5), ('Inktvis', 5), ('Kangaroe', 5), ('Kikker', 5), ('Koala', 5), ('Krab', 5), ('Krokodil (aligator)', 5), ('Kwal', 5), ('Leeuw', 5), ('Miereneter', 5), ('Neushoorn', 5), ('Nijlpaard', 5), ('Octopus', 5), ('Olifant', 5), ('Ooievaar', 5), ('Panda', 5), ('Papagaai', 5), ('Pauw', 5), ('Pinguïn', 5), ('Piranha', 5), ('Rog', 5), ('Roofvogel', 5), ('Schildpad', 5), ('Schorpioen', 5), ('Slang', 5), ('Spin', 5), ('Stekelvarken', 5), ('Stokstaartje', 5), ('Tijger', 5), ('Uil', 5), ('Vleermuis', 5), ('Vlinder', 5), ('Wasbeer', 5), ('Zebra', 5), ('Zeehond', 5), ('Zeepaardje', 5), ('Zeester', 5);
INSERT INTO lists (_id, name, selected) VALUES (6, "Disney films", 1);
INSERT INTO words (word, list_id) VALUES ('101 Dalmatiërs', 6), ('Aladdin', 6), ('The Lion King', 6), ('Assepoester', 6), ('Alice in Wonderland', 6), ('Atlantis', 6), ('Bambi', 6), ('Belle en het Beest', 6), ('Big Hero 6', 6), ('Bolt', 6), ('Brave', 6), ('Brother Bear', 6), ('Cars', 6), ('Chicken Little', 6), ('Coco', 6), ('De Aristokatten', 6), ('De klokkenluider van de Notre Dame', 6), ('De prinses en de kikker', 6), ('De Reddertjes', 6), ('De Reddertjes in Kangoeroeland', 6), ('Dinosaur', 6), ('Dombo', 6), ('Doornroosje', 6), ('Een luizenleven', 6), ('Encanto', 6), ('Enchanted', 6), ('Fantasia', 6), ('Finding Dory', 6), ('Finding Nemo', 6), ('Frank en Vrij', 6), ('Frankenweenie', 6), ('Strange Magic', 6), ('Frozen', 6), ('Heksen & Bezemstelen', 6), ('Hercules', 6), ('Inside Out', 6), ('Jungle Boek', 6), ('Keizer Kuzco', 6), ("Knorretje's Grote Film", 6), ('Lady en de Vagebond', 6), ('Lilo & Stitch', 6), ('Luca', 6), ('Meet the Robinsons', 6), ('Merlijn de Tovenaar', 6), ('Monsters en co.', 6), ('Mulan', 6), ('Oliver & Co.', 6), ('De kleine zeemeermin', 6), ('Onward', 6), ('Paniek op de Prairie', 6), ('Peter en de Draak', 6), ('Peter Pan', 6), ('Pinokkio', 6), ('Piratenplaneet', 6), ('Planes', 6), ('Pocahontas', 6), ("Poeh's Lollifanten film", 6), ('Rapunzel', 6), ('Ratatouille', 6), ('Raya en de laatste draak', 6), ('Robin Hood', 6), ('Saludos Amigos', 6), ('Sneeuwwitje en de zeven dwergen', 6), ('Soul', 6), ('Taran en de Toverketel', 6), ('Tarzan', 6), ('Teigetjes Film', 6), ('The Good Dinosaur', 6), ('The Incredibles', 6), ('The Nightmare Before Christmas', 6), ('Valiant', 6), ('The Wild', 6), ('Tinker Bell', 6), ('Mary Poppins', 6), ('Toy Story', 6), ('Up', 6), ('Vaiana', 6), ('Vrij en Vrolijk', 6), ('WALL-E', 6), ('Winnie de Poeh', 6), ('Wreck-It Ralph', 6), ('Zootropolis', 6);
INSERT INTO lists (_id, name, selected) VALUES (7, "Films", 1);
INSERT INTO words (word, list_id) VALUES ('A Cinderella Story', 7), ('A Star is born', 7), ('Annie', 7), ('Bad Moms', 7), ('Beautiful creatures', 7), ('Bring it on', 7), ('Charlies Angels', 7), ('Cheaper by the Dozen', 7), ('Chernobyl 1986', 7), ('Dr. Dolittle', 7), ('Ella Enchanted', 7), ('Fantastic Beasts', 7), ('Free guy', 7), ('Free Willy', 7), ('Godzilla', 7), ('Harry Potter', 7), ('High School Musical', 7), ('Home alone', 7), ('I am Number 4', 7), ('Indiana Jones', 7), ('It', 7), ('James Bond', 7), ('Jumanji', 7), ('Jungle Cruise', 7), ('King Kong', 7), ('Legally blonde', 7), ('Nanny McPhee', 7), ('New Kids', 7), ('Now you see me', 7), ('Paddington', 7), ('Percy Jackson', 7), ('Pirates of the Caribbean', 7), ('Pitch Perfect', 7), ('Police Academy', 7), ('Scooby-Doo', 7), ('Space Jam', 7), ('Star Trek', 7), ('Star Wars', 7), ('The Big Friendly Giant', 7), ('The Chronicles of Narnia', 7), ('The Fast and the Furious', 7), ('The Greatest Showman', 7), ('The Hobbit', 7), ('The Hunger Games', 7), ('The Karate Kid', 7), ('The Lord of the Rings', 7), ('The Matrix', 7), ('The Maze Runner', 7), ('The Mortal Instruments', 7), ('The Other Woman', 7), ('The Princess Diaries', 7), ('The Wizard of Oz', 7), ('Transformers', 7), ('Twilight', 7), ('Vampire Academy', 7);
INSERT INTO lists (_id, name, selected) VALUES (8, "Fruit", 1);
INSERT INTO words (word, list_id) VALUES ('Aardbei', 8), ('Abrikoos', 8), ('Ananas', 8), ('Appel', 8), ('Avocado', 8), ('Banaan', 8), ('Blauwe bes', 8), ('Bosbes', 8), ('Braam', 8), ('Citroen', 8), ('Cranberry', 8), ('Druif', 8), ('Framboos', 8), ('Granaatappel', 8), ('Grapefruit', 8), ('Jackfruit', 8), ('Kaki', 8), ('Kers', 8), ('Kiwi', 8), ('Kokosnoot', 8), ('Limoen', 8), ('Lychee', 8), ('Mandarijn', 8), ('Mango', 8), ('Meloen', 8), ('Nectarine', 8), ('Papaja', 8), ('Passievrucht', 8), ('Peer', 8), ('Perzik', 8), ('Pruim', 8), ('Sinaasappel', 8), ('Stervrucht', 8), ('Watermeloen', 8);
INSERT INTO lists (_id, name, selected) VALUES (9, "Games", 1);
INSERT INTO words (word, list_id) VALUES ('Angry Birds', 9), ('Assassin’s Creed', 9), ('Bubble shooter', 9), ('Disney Infinity', 9), ('DJ Hero', 9), ('Donkey Kong', 9), ('Epic Mickey (Disney)', 9), ('FIFA', 9), ('Formula 1', 9), ('Fortnite', 9), ('GTA 5', 9), ('Guitar Hero', 9), ('Just Dance', 9), ('Legend of Zelda', 9), ('Luigi’s Mansion', 9), ('Mahjong', 9), ('Mario en Sonic', 9), ('Mario kart', 9), ('Mario odyssey', 9), ('Mario Party', 9), ('Minecraft', 9), ('Nintendo dogs', 9), ('Overcooked', 9), ('Pac-man', 9), ('Pokémon', 9), ('Professor Layton', 9), ('Ring Fit Adventure', 9), ('Roblox', 9), ('Rocket League', 9), ('Rollercoaster Tycoon', 9), ('Solitair (kaarten)', 9), ('Sonic', 9), ('Subway surfers', 9), ('Tetris', 9), ('The Sims', 9), ('We Sing', 9), ('Wii play', 9), ('WOW (World of Warcraft)', 9), ('Zoo Tycoon', 9);
INSERT INTO lists (_id, name, selected) VALUES (10, "Groenten", 1);
INSERT INTO words (word, list_id) VALUES ('Aardappel', 10), ('Andijvie', 10), ('Artisjok', 10), ('Asperge', 10), ('Aubergine', 10), ('Augurk', 10), ('Biet', 10), ('Bleekselderij', 10), ('Bloemkool', 10), ('Boerenkool', 10), ('Boon', 10), ('Broccoli', 10), ('Courgette', 10), ('Erwt', 10), ('Flespompoen', 10), ('Ijsbergsla', 10), ('Knoflook', 10), ('Komkommer', 10), ('Kool', 10), ('Koolrabi', 10), ('Lente-ui/bosui', 10), ('Mais', 10), ('Olijf', 10), ('Paksoi', 10), ('Paprika', 10), ('Pastinaak', 10), ('Peen', 10), ('Pepertjes', 10), ('Peultjes', 10), ('Pompoen', 10), ('Prei', 10), ('Radijs', 10), ('Rebarber', 10), ('Rode biet', 10), ('Rode kool', 10), ('Romanesco', 10), ('Rucola', 10), ('Savooiekool', 10), ('Schorseneren', 10), ('Selderij', 10), ('Sjalotten', 10), ('Sla', 10), ('Sperzieboon', 10), ('Spinazie', 10), ('Spitskool', 10), ('Spruit', 10), ('Tarowortel', 10), ('Taugé', 10), ('Tomaat', 10), ('Tuinboon', 10), ('Ui', 10), ('Venkel', 10), ('Witlof', 10), ('Witte kool', 10), ('Wortel', 10), ('Yam', 10), ('Zuurkool', 10);
INSERT INTO lists (_id, name, selected) VALUES (11, "Kerst", 1);
INSERT INTO words (word, list_id) VALUES ('Advent', 11), ('Adventskalendar', 11), ('Arreslee', 11), ('Bel', 11), ('Belletjes', 11), ('Bethlehem', 11), ('Bijbel', 11), ('Cadeautjes', 11), ('Chocolade balletjes', 11), ('Chocolade melk', 11), ('Decemberzegels (kerst postzegels)', 11), ('Denneappel', 11), ('Denneboom', 11), ('Elven', 11), ('Engel', 11), ('Ezel', 11), ('Familie', 11), ('God', 11), ('Gourmetten', 11), ('Hemel', 11), ('Herders', 11), ('Inpakpapier', 11), ('Jezus', 11), ('Kaars', 11), ('Kaarten', 11), ('Kameel', 11), ('Kerk', 11), ('Kerstballen', 11), ('Kerstboom', 11), ('Kerstfilms', 11), ('Kerstkoor', 11), ('Kerstman', 11), ('Kerstmarkt', 11), ('Kerstmis', 11), ('Kerstmuts', 11), ('Kerstpakket', 11), ('Kerststal', 11), ('Kersttrein', 11), ('Klokken', 11), ('Krans', 11), ('Kribbe', 11), ('Lelijke kersttrui', 11), ('Liedjes (muziek)', 11), ('Marshmellows', 11), ('Melk en koekjes', 11), ('Musical', 11), ('Noordpool', 11), ('Notenkraker', 11), ('Os', 11), ('Piek', 11), ('Rendier', 11), ('Rudolf', 11), ('Schaapjes', 11), ('Schaatsbaan', 11), ('Schaatsen', 11), ('Schoorsteen (open haard/kachel)', 11), ('Schuddebol', 11), ('Scroodge (de grinch)', 11), ('Slagroom', 11), ('Slingers', 11), ('Sneeuw', 11), ('Sneeuwpop', 11), ('Sneeuwvlokje', 11), ('Ster', 11), ('Stol', 11), ('Strik', 11), ('Vallende ster', 11), ('Wanten (handschoen)', 11), ('Zuurstokje', 11);
INSERT INTO lists (_id, name, selected) VALUES (12, "Muziekinstrumenten", 1);
INSERT INTO words (word, list_id) VALUES ('Accordeon', 12), ('Alpenhoorn', 12), ('Banjo', 12), ('Basgitaar', 12), ('Blokfluit', 12), ('Bongo', 12), ('Cello', 12), ('Conga', 12), ('Didgeridoo', 12), ('Djembé', 12), ('Doedelzak', 12), ('Drumstel', 12), ('Dwarsfluit', 12), ('Engelse hoorn', 12), ('Flessenklokkenspel', 12), ('Flügelhorn', 12), ('Fluitje', 12), ('Fonograaf', 12), ('Gitaar (akoestisch)', 12), ('Gitaar (elektrisch)', 12), ('Gong', 12), ('Harmonica (mond)', 12), ('Harp', 12), ('Hoorn', 12), ('Keyboard', 12), ('Klarinet', 12), ('Klavecimbel', 12), ('Klokkenspel', 12), ('Luit', 12), ('Orgel', 12), ('Panfluit', 12), ('Piano', 12), ('Pijporgel', 12), ('Sambaballen', 12), ('Saxofoon', 12), ('Schuiftrompet', 12), ('Tamboerijn', 12), ('Triangel', 12), ('Trombone', 12), ('Trommel', 12), ('Trompet', 12), ('Tuba', 12), ('Ukelele', 12), ('Viool', 12), ('Xylofoon', 12);
INSERT INTO lists (_id, name, selected) VALUES (13, "School", 1);
INSERT INTO words (word, list_id) VALUES ('Agenda', 13), ('Balpen', 13), ('Digibord', 13), ('Etui', 13), ('Fiets', 13), ('Fietsensleutel', 13), ('Fietsensleutelbakje', 13), ('Fruit', 13), ('Geodriehoek', 13), ('Gum', 13), ('Gymkleding', 13), ('Juffrouw', 13), ('Koptelefoon (oortjes)', 13), ('Landkaart', 13), ('Laptops', 13), ('Liniaal', 13), ('Lunch (overblijfspullen)', 13), ('Marker', 13), ('Meester', 13), ('Muis', 13), ('Muismat', 13), ('Nakijkpen', 13), ('Nietmachine', 13), ('Passer', 13), ('Perforator', 13), ('Plakband', 13), ('Potlood', 13), ('Printer', 13), ('Puntenslijper', 13), ('Rekenmachine', 13), ('Schaar', 13), ('Schoolbord', 13), ('Schooltas', 13), ('Schrift', 13), ('Stiften', 13), ('Tipp-ex (correctie)', 13), ('USB-stick', 13), ('Vulpen', 13);
INSERT INTO lists (_id, name, selected) VALUES (14, "Sinterklaas", 1);
INSERT INTO words (word, list_id) VALUES ('Cadeautje', 14), ('Chocoladeletter', 14), ('Intocht', 14), ('Marsepijn', 14), ('Paard van Sinterklaast (amerigo/ohzosnel)', 14), ('Pakjesavond', 14), ('Pepernoot', 14), ('Piet', 14), ('Pietenhuis', 14), ('Schoen zetten', 14), ('Schuimpje', 14), ('Sinterklaas', 14), ('Sinterklaasjournaal', 14), ('Stoomboot', 14), ('Wortel en water', 14);
INSERT INTO lists (_id, name, selected) VALUES (15, "Snoepjes", 1);
INSERT INTO words (word, list_id) VALUES ('Apekoppen', 15), ('Banaantjes', 15), ('Biggetjes', 15), ('Chocola', 15), ('Dropveter', 15), ('Engelse drop', 15), ('Gummibeertjes', 15), ('Honingdrop', 15), ('Kauwgom', 15), ('Kersen', 15), ('Kikkertjes', 15), ('Letterkoekjes', 15), ('Lolly', 15), ('Muizen', 15), ('Muntdrop', 15), ('Negerzoen', 15), ('Nogat', 15), ('Pepermunt', 15), ('Skittles', 15), ('Spekjes', 15), ('Suikerspin', 15), ('Winegum', 15), ('Zure mat', 15), ('Zuurstok', 15), ('Zuurtje (napoleon)', 15);
INSERT INTO lists (_id, name, selected) VALUES (16, "Speelgoed", 1);
INSERT INTO words (word, list_id) VALUES ('Afstandbestuurbare auto', 16), ('Auto’s', 16), ('Badeend', 16), ('Bal', 16), ('Ballenbak', 16), ('Ballon', 16), ('Barbie', 16), ('Bellenblaas', 16), ('Flippo', 16), ('Furby', 16), ('Hamertje tik', 16), ('Handpop', 16), ('Hobbelpaard', 16), ('Hoepel', 16), ('Jojo', 16), ('K’nex', 16), ('Kapla', 16), ('Katapult', 16), ('Klei (play-doh)', 16), ('Klimrek', 16), ('Knikker', 16), ('Knikkerbaan', 16), ('Knuffel (teddybeer)', 16), ('Kookspullen', 16), ('Kralen', 16), ('Lego (duplo)', 16), ('Loopauto', 16), ('Mini-steck', 16), ('My little pony', 16), ('Pop', 16), ('Poppenhuis', 16), ('Puzzels', 16), ('Racebaan', 16), ('Rammelaar', 16), ('Schommel', 16), ('Skippybal', 16), ('Slinky', 16), ('Speelgeld', 16), ('Spinner', 16), ('Springtouw', 16), ('Stokpaard', 16), ('Trol', 16), ('Voetbalplaatje', 16), ('Waterpistool', 16), ('Wip', 16), ('Zandbak', 16);
INSERT INTO lists (_id, name, selected) VALUES (17, "Spelletjes", 1);
INSERT INTO words (word, list_id) VALUES ('Bingo (kienen)', 17), ('Boggle', 17), ('Boter kaas en eieren (tic-tac-to)', 17), ('Cluedo', 17), ('Dammen', 17), ('De toren van pisa', 17), ('Domino', 17), ('Ganzenbord', 17), ('Het betoverde doolhof', 17), ('Jenga', 17), ('Kaarten', 17), ('Kolonisten van Catan', 17), ('Kubb (dat spel dat we buiten doen met die houten stokken)', 17), ('Kwartet', 17), ('Ladders & adders', 17), ('Levensweg', 17), ('Mahjong', 17), ('Memory', 17), ('Mens erger je niet (ludo)', 17), ('Mikado', 17), ('Monopoly', 17), ('Pandemic', 17), ('Pim-Pam-Pet', 17), ('Qwirkle', 17), ('Rebus', 17), ('Risk', 17), ('Rubiks cube (Rubiks kubus)', 17), ('Rummicub', 17), ('Schaken', 17), ('Set', 17), ('Skip-bo', 17), ('Sokkenspel', 17), ('Stef Stuntpiloot', 17), ('Stratego', 17), ('Sudoku', 17), ('Ticket to ride', 17), ('Triominos', 17), ('Triviant (trivial persuit)', 17), ('Twister', 17), ('Vier op een rij', 17), ('Weerwolven (de weerwolven van wakkerdam)', 17), ('Wie is het', 17), ('Woordzoeker', 17), ('Yahtzee', 17), ('Zaklopen', 17), ('Zeeslag', 17);
INSERT INTO lists (_id, name, selected) VALUES (18, "Sporten", 1);
INSERT INTO words (word, list_id) VALUES ('Atletiek', 18), ('Autoracen', 18), ('Badminton', 18), ('Ballonvaren', 18), ('Basketball', 18), ('Biljart', 18), ('Bobsleeën', 18), ('Boksen', 18), ('Bowlen', 18), ('Dansen', 18), ('Darten', 18), ('Figuurschaatsen', 18), ('Gewichtheffen', 18), ('Golven', 18), ('Handboogschieten', 18), ('Hockey', 18), ('Honkbal', 18), ('IJshockey', 18), ('Judo', 18), ('Kano', 18), ('Karate', 18), ('Kiten (vliegeren)', 18), ('Klimmen', 18), ('Langlaufen', 18), ('Motorcross', 18), ('Paardrijden', 18), ('Parachutespringen', 18), ('Roeien', 18), ('Rolschaatsen', 18), ('Rugby', 18), ('Schaatsen', 18), ('Schermen', 18), ('Schieten', 18), ('Schoonspringen', 18), ('Skiën', 18), ('Skispringen', 18), ('Snowboard', 18), ('Surfen', 18), ('Synchroonzwemmen', 18), ('Tafeltennis', 18), ('Tennis', 18), ('Trampolinespringen', 18), ('Turnen', 18), ('Voetbal', 18), ('Volleybal', 18), ('Waterski', 18), ('Wielrennen', 18), ('Zeilen', 18), ('Zweefvliegen', 18), ('Zwemmen', 18);
INSERT INTO lists (_id, name, selected) VALUES (19, "Steden", 1);
INSERT INTO words (word, list_id) VALUES ('Amsterdam', 19), ('Berlijn', 19), ('Brussel', 19), ('Caïro', 19), ('Dubai', 19), ('Istanbul', 19), ('Las Vegas', 19), ('Londen', 19), ('Los Angeles', 19), ('New York', 19), ('Parijs', 19), ('Pisa', 19), ('Rio de janeiro', 19), ('Rome', 19), ('Rotterdam', 19), ('San Francisco', 19), ('Shanghai', 19), ('Tokyo', 19);
INSERT INTO lists (_id, name, selected) VALUES (20, "Superhelden Films", 1);
INSERT INTO words (word, list_id) VALUES ('Ant-Man', 20), ('Aquaman', 20), ('Avengers', 20), ('Batman', 20), ('Black Widow', 20), ('Captain America', 20), ('Captain Marvel', 20), ('Deadpool', 20), ('Doctor Strange', 20), ('Eternals', 20), ('Fantastic 4', 20), ('Guardians of the Galaxy', 20), ('Iron Man', 20), ('Justice League', 20), ('Logan', 20), ('Shang-chi', 20), ('Shazam', 20), ('Spiderman', 20), ('Superman', 20), ('The Black Panther', 20), ('The Green Lantern', 20), ('The Hulk', 20), ('The Suicide Squat', 20), ('Thor', 20), ('Venom', 20), ('Wonder Woman', 20), ('X-men', 20);
